Reference,Log2owc,Log2uwc,Log2urob,Log2otp,Log2ea
ENST00000295834,-1.568256414,-1.058107716,-0.044703246,-0.711058851,-0.188233607
ENST00000431156,-1.726042762,-1.983815695,-0.477139733,-0.498142211,-0.322431651
ENST00000265641,-1.105325615,-1.130164415,-0.170013815,-0.328494231,-0.226500809
ENST00000397990,-1.640631353,-1.190132143,-0.125343906,-1.276937936,-0.230666746
ENST00000222002,-1.326829751,-1.221089345,-0.500882732,-1.047075153,-0.241118292
ENST00000465692,-1.222474076,-1.258253093,0.071764241,-0.045237809,-0.622704343
ENST00000287611,-1.703710891,-0.808012212,-0.541703957,-1.260945903,-0.170474909
ENST00000278222,-1.106325057,-1.268802724,0.028551234,-0.595074451,-0.309337327
ENST00000290597,-2.112090903,-1.230957339,0.017569476,-0.975502034,-0.856454442
ENST00000522940,-1.314418534,-0.9212525,-0.070671158,-0.438777413,-0.010248591
ENST00000320631,-1.132022595,-1.214646954,0.137534895,-0.197510859,-0.455119127
ENST00000009589,-0.341441365,-0.318984846,-0.180950434,-0.272308636,-0.36852619
ENST00000270625,-0.192240117,-0.233044301,-0.153664512,-0.259150457,-0.298525261
ENST00000274242,-0.422724734,-0.188702618,-0.212737156,-0.347146938,-0.334172882
ENST00000479035,-0.326176505,-0.23199652,-0.158078203,-0.380154044,-0.365931632
ENST00000323345,-0.24086718,-0.192628197,-0.368303953,-0.289043983,-0.210068629
ENST00000504562,-0.253265742,-0.277510278,-0.194654905,-0.230511766,-0.434776943
ENST00000368575,0.094512214,-0.00259055,-0.190891531,-0.146934752,-0.350662155
ENST00000376281,-0.105760401,-0.030915285,-0.218991821,-0.561810254,-0.322473314
ENST00000292475,-0.405707503,-0.516711821,-0.348962823,-0.586334602,-0.460816661
ENST00000331872,0.17889552,0.089732497,-0.093685533,-0.63807535,0.162787105
ENST00000420712,-0.254358137,-0.269421177,-0.164222943,-0.162407058,-0.358764064
ENST00000362097,-0.036246621,-0.139947659,-0.090620467,-0.145966276,-0.287865797
ENST00000267115,0.125363112,0.004732094,-0.196415131,-0.261875244,-0.035802509
ENST00000537328,-0.19475095,-0.047443273,-0.110972012,0.009849949,-0.314253731
ENST00000247665,-0.131556167,-0.266019458,-0.158451909,0.031925064,-0.318797656
ENST00000392133,0.007509561,0.120381989,-0.201405634,-0.347146938,-0.217044157
ENST00000345146,-0.100986679,0.004908998,-0.358177729,-0.565681884,0.221046299
ENST00000396386,-0.203633012,-0.287308193,-0.328003204,-0.07081571,-0.208879964
ENST00000617731,-0.311315855,-0.190346463,-0.401660246,-0.040212046,-0.439427361
ENST00000265044,-0.165765094,-0.167672192,-0.362560426,-0.163779674,-0.08512531
ENST00000257497,0.240343729,-0.360006203,-0.174120377,0.005426474,-0.38552377
ENST00000467076,-0.395338529,-0.507887044,-0.191941654,-0.301171509,-0.531604029
ENST00000594797,-0.266810652,0.060216218,-0.171738084,-0.195143845,-0.255471721
ENST00000297350,0.068649856,-0.190800212,-0.284557914,0.020893082,-0.120384098
ENST00000205636,0.10995683,0.004290803,-0.326581129,-0.245968104,0.003130439
ENST00000393196,-0.225099864,-0.232073421,-0.349444926,-0.173566766,-0.251234372
ENST00000296412,-0.011349466,0.124108034,-0.131676544,-0.161243438,-0.184048244
ENST00000373715,0.015856904,0.127150027,-0.091178677,-0.129146286,-0.191562468
ENST00000356577,-0.220514728,-0.19322695,-0.015618882,-0.313199606,-0.403686554
ENST00000520468,0.047186855,0.013652472,-0.045784819,-0.771644767,-0.084332403
ENST00000417171,-0.192709363,0.03078375,-0.323898806,-0.163434985,-0.119488848
ENST00000435765,-0.184441747,-0.155406306,-0.332119312,-0.201570114,-0.100992504
ENST00000644185,0.089319066,-0.189534135,0.091582127,-0.361574009,-0.603527133
ENST00000367429,-0.036690869,0.146234775,-0.302365644,-0.314966532,-0.164626726
ENST00000259407,0.133040443,0.039219136,-0.159027032,-0.24711812,0.025156745
ENST00000414487,-0.370392172,-0.409907059,-0.413961334,-0.116788207,-0.399287574
ENST00000415949,-0.257181562,-0.346975804,-0.423121334,-0.321284875,-0.484534861
ENST00000280326,-0.11826467,-0.413192634,-0.661426938,-0.045203218,-0.086624214
ENST00000216455,-0.248497141,-0.614690718,-0.359416157,-0.297980881,-0.307302017
ENST00000433866,-0.47961057,-0.147650976,-0.500839801,-0.26425393,-0.16446951
ENST00000392246,-0.246247031,-0.281174649,-0.311982983,-0.11151869,-0.239570965
ENST00000264312,-0.412759002,-0.568755455,-0.528727708,-0.549963821,-0.260850307
ENST00000374490,-0.454500602,-0.460639796,-0.394236902,-0.396056538,-0.306825015
ENST00000303436,-0.023627796,-0.108338052,-0.360339186,0.061764458,-0.103408623
ENST00000409682,-0.143799762,-0.597880988,-0.457938474,-0.08137497,-0.368983413
ENST00000301072,-0.134339433,-0.034337471,-0.473315651,-0.225840642,-0.357271804
ENST00000544844,-0.332561406,-0.550856288,-0.551792232,-0.233765139,-0.239363189
ENST00000370841,-0.573051121,-0.215978775,-0.571585247,-0.797179859,-0.183868076
ENST00000259396,-0.338265276,-0.316282451,0.179321287,0.081921588,-0.050617789
ENST00000355906,-0.452333885,-0.435539253,0.236741225,-0.095267338,-0.015638888
ENST00000356524,-0.538024698,-0.51598667,0.082957462,-0.312959861,-0.031229347
ENST00000227667,-0.376571329,-0.344585995,0.394226897,-0.247496359,-0.111042319
ENST00000404648,-0.414615332,-0.279586425,-0.004899797,0.032178465,-0.07887531
ENST00000431067,-0.353805526,-0.259680373,0.170697058,0.043666281,-0.012048702
ENST00000265132,-0.227269743,-0.199120961,0.085793801,-0.012380538,0.153762724
ENST00000355857,-0.473678474,-0.352334667,-0.007841017,-0.099337813,-0.031009703
ENST00000570083,-0.505942313,-0.150862669,0.277684965,-0.117929217,-0.044334919
ENST00000399808,-0.068231886,-0.18982955,0.133942645,0.157487998,0.090865131
ENST00000226218,-0.074118043,0.066591438,0.237957694,0.230091747,0.271656648
ENST00000326442,-0.427001096,-0.359753375,0.007323249,-0.19126041,-0.008582982
ENST00000253452,-0.244554201,-0.098340125,0.10741796,-0.010446411,0.126519433
ENST00000466771,-0.476375101,-0.314948159,-0.045621165,-0.289661443,0.155050735
ENST00000256733,-0.428661211,-0.425064563,0.227221497,-0.144671799,-0.076759183
ENST00000284727,-0.379158602,-0.299682037,-0.017097949,-0.189082092,0.090914836
ENST00000322028,-0.199063781,0.095526159,0.180755573,0.205679795,0.133472749
ENST00000261313,-0.116319026,-0.047965434,0.476429297,0.086269091,0.324385792
ENST00000298510,-0.342025873,-0.323266548,-0.044482933,-0.212977138,0.128661321
ENST00000339624,-0.146473897,-0.210420408,0.062159627,0.208628829,-0.032208522
ENST00000181383,-0.279582503,-0.302019177,-0.016709961,-0.076880963,0.058598194
ENST00000314133,-0.227444063,-0.184583076,0.057945286,-0.18277885,0.217884829
ENST00000422046,-0.002151751,-0.223612373,-0.044511291,-0.048043277,0.397568169
ENST00000175091,-0.18202526,-0.076789216,0.096627844,0.118516634,0.137954862
ENST00000409194,-0.06407257,-0.047902198,0.168655479,-0.005298149,0.289125993
ENST00000309244,-0.254358137,0.015001283,0.141919989,0.123943366,0.310160748
ENST00000439602,-0.129763703,-0.174301314,0.108877414,0.07592788,0.09220433
ENST00000565420,-0.163570144,-0.409064748,0.041158801,-0.037117997,0.158931621
ENST00000330029,-0.120224114,-0.285515396,0.075220637,-0.107729637,0.082742058
ENST00000285093,-0.337045838,-0.217519863,0.066177261,-0.315255216,0.259137578
ENST00000233114,-0.372290039,-0.237897686,0.063698091,-0.159304076,0.133374089
ENST00000647789,-0.497807828,-0.255073426,0.345952593,-0.796226011,0.065866194
ENST00000591899,-0.310195837,-0.282792712,0.165897118,-0.040068687,-0.116574017
ENST00000494131,-0.549345813,-0.225668103,0.227730727,-0.189441485,0.049053158
ENST00000281031,-0.305388905,-0.173482077,0.145192853,-0.048980661,0.143237323
ENST00000507754,-0.006516313,-0.0267727,0.310330844,0.190796709,0.307523874
ENST00000368547,-0.277860685,-0.17381189,0.04709555,-0.047381509,0.316168224
ENST00000395422,-0.071287263,-0.077275996,0.276027976,0.352657036,-0.073220447
ENST00000465744,-0.36254625,-0.207039557,-0.073681477,0.11952333,0.081563266
ENST00000318388,-0.25116986,-0.100475934,0.080424258,0.284358149,0.072393101
ENST00000276689,-0.308724083,-0.287196178,0.037557653,-0.19871046,0.06472887
ENST00000372360,-0.613514354,-0.503639333,0.068108893,0.037770573,-0.248976207
ENST00000233025,-0.053463026,-0.009889564,0.185629183,0.159662102,0.106898325
ENST00000237858,-0.298970135,0.146234775,0.258256684,-0.135642833,0.057765695
ENST00000223641,-0.060810398,0.016841253,0.238672288,0.392347482,0.081932006
ENST00000368865,-0.293598585,-0.157704129,0.183512331,0.077783366,-0.138614749
ENST00000557342,-0.525362557,-0.17062233,0.009986664,0.078014779,0.11139965
ENST00000381841,-0.397293401,-0.29027843,0.111544795,-0.038498783,-0.188147804
ENST00000302386,0.007687991,0.076269707,0.226698082,0.208513427,0.21013081
ENST00000545075,-0.232692812,-0.430266147,-0.050604572,0.163197521,-0.044081445
ENST00000573403,-0.354906376,-0.482826821,-0.07449029,-0.295219146,0.191236357
ENST00000265462,-0.012555229,0.029859242,0.219082782,0.243740397,0.243081231
ENST00000263864,-0.191105477,-0.26091581,0.016421207,0.098587358,0.006229677
ENST00000369713,-0.299861072,-0.055291818,0.248204293,-0.006963433,0.13620625
ENST00000536354,-0.278249962,0.009018899,0.054698313,-0.175713315,0.413269139
ENST00000327772,-0.243481821,-0.07058313,-0.001039519,-0.106138839,0.181772657
ENST00000324873,-0.114737297,-0.136571733,0.022038527,0.379718066,0.042840148
ENST00000265073,-0.193441138,-0.114006802,0.112912927,-0.122331854,0.117301459
ENST00000299166,-0.38891226,-0.024922044,0.172630778,-0.062332016,0.057069246
ENST00000374077,-0.084560559,-0.21902385,0.14818562,0.155861483,0.025418506
ENST00000300030,-0.490933197,-0.388859885,-0.053648262,-0.017130023,0.100578779
ENST00000332160,0.24104899,-0.273924118,0.088370743,-0.219686029,0.425103985
ENST00000250101,0.140231725,-0.078954245,0.379899925,0.111744851,0.076061961
ENST00000274787,-0.132572507,-0.169738597,0.275337826,0.003350309,-0.026015907
ENST00000223136,-0.23326139,-0.060443362,0.316133912,0.235785027,0.383046145
ENST00000579408,0.124305633,-0.156547145,0.241770136,-0.121854626,0.217955751
ENST00000265838,-0.409973876,-0.270443549,0.030450767,-0.157990846,0.040283437
ENST00000306368,-0.143799762,0.017786409,0.211023013,0.083832105,0.112181387
ENST00000557943,-0.117131812,-0.115533554,0.351517294,0.201473716,0.007430576
ENST00000517603,-0.047497624,-0.079909644,0.293485173,0.15661948,0.251737774
ENST00000262942,0.007652579,-0.068512072,0.034849231,0.347350515,0.277135962
ENST00000322753,-0.380239958,-0.364677805,0.089612839,-0.060693645,-0.170153575
ENST00000573854,-0.00424841,-0.115871725,0.321391169,-0.245608912,0.266164844
ENST00000605997,-0.428580876,-0.045360619,0.0861602,-0.019927318,0.176333434
ENST00000367660,-0.207671945,-0.272594303,0.22961299,-0.119894226,-0.098028977
ENST00000306390,-0.502694184,-0.375959727,-0.326242746,0.079295325,0.219622259
ENST00000375499,-0.501806317,-0.221232109,0.24015567,-0.118121424,-0.16446951
ENST00000221418,-0.137850496,-0.06526933,0.257264985,0.097394556,0.391695727
ENST00000368738,-0.146859562,-0.175064166,0.138762578,0.115984849,-0.021531616
ENST00000409617,-0.040600875,-0.200904171,0.083267465,0.196474767,0.233187522
ENST00000476133,-0.21266162,-0.052381646,0.198744683,0.437912944,0.129476173
ENST00000401406,-0.322539238,0.172249247,0.329705361,0.110060016,-0.092916249
ENST00000636358,-0.267071137,-0.075548117,0.079360367,-0.139038743,0.090007889
ENST00000272065,-0.075235476,-0.323654956,-0.018899149,0.055066521,0.209751536
ENST00000367881,-0.093614005,-0.246692975,0.012465021,0.06149279,0.182951476
ENST00000296877,-0.354964928,-0.024922044,0.404993488,-0.417536266,0.168468171
ENST00000248451,-0.123900205,0.098706405,0.16064949,-0.03594525,0.21171706
ENST00000368868,-0.242363597,0.021722488,0.089126674,-0.184296462,0.412713508
ENST00000256319,-0.256653102,-0.085180331,-0.017975923,0.074876992,0.252089659
ENST00000547104,-0.332328732,-0.117988222,0.092572479,-0.318577786,0.166629171
ENST00000445125,0.97224687,1.098253844,0.325389463,0.399936956,0.116979516
ENST00000245185,1.189742961,1.468829088,0.604040236,0.477085492,0.047100441
ENST00000373316,1.156721297,0.901568906,0.58907912,0.4331505,0.196148258
ENST00000646664,1.585909177,1.148582052,0.546919663,1.201303909,0.373555401
ENST00000437397,1.121790348,1.09344409,0.382752511,0.758061944,0.463491928
ENST00000331789,1.610448955,1.296605588,0.650616546,1.31914191,0.385615823
ENST00000331925,1.476068353,1.234247653,0.334127157,1.128432103,0.614929124
ENST00000236671,1.166987775,0.979366548,0.523782792,0.552876938,0.306692651
ENST00000306061,1.026125239,1.283130976,0.615413268,0.192586309,0.070973084
ENST00000394485,0.924073968,1.474276694,0.883131752,0.382763899,0.125843556
ENST00000245907,1.327505957,1.178781972,0.112038301,0.391566318,0.320504679
ENST00000573283,1.386625454,1.074969161,0.392400199,0.933873213,0.524019011
ENST00000370355,1.032565853,0.92988127,0.057310227,0.193017949,0.416230134
ENST00000309311,1.253455583,1.300917095,0.185681883,1.056302587,0.344774679
ENST00000619133,1.19802789,1.195668135,0.486964902,0.625886014,-0.142947821
ENST00000273550,1.526960611,2.317268689,0.604053405,1.676235989,0.106809085
ENST00000295897,-0.301565795,-0.183273826,-0.024559245,-0.270095081,0.022267407
ENST00000331825,-0.081201556,-0.144713694,-0.051199393,0.109015444,0.001243996
ENST00000501597,-0.188972364,-0.174464304,0.031606595,0.055159831,-0.058656877
ENST00000530705,-0.194425835,-0.132075612,0.033027995,-0.091707302,-0.073685158
ENST00000514985,-0.184514001,-0.164196833,-0.045214476,-0.411353909,0.186897365
ENST00000468812,-0.112941312,-0.131748575,-0.062810641,0.064720498,-0.020108448
ENST00000558401,-0.177540569,-0.161481517,0.034454833,-0.006881309,0.070174534
ENST00000391857,-0.093173689,-0.116539865,-0.020490799,0.107020995,0.002476007
ENST00000380394,-0.056685789,-0.119962463,-0.011493995,0.075494828,0.088169395
ENST00000272317,-0.219408752,-0.305696284,-0.027096077,-0.016739753,-0.134373085
ENST00000225430,-0.071614577,-0.119671143,-0.027596518,0.065954058,0.027119935
ENST00000368567,-0.126714695,-0.175686099,-0.018289517,0.07279269,-0.146800835
ENST00000396651,-0.114134664,-0.096298802,-0.037412028,0.006665218,-0.05693911
ENST00000230050,-0.170954075,-0.153973256,-0.017126589,0.107560091,-0.100141047
ENST00000352983,-0.271902647,-0.277719563,-0.017072401,-0.118710021,-0.057032191
ENST00000316084,-0.077938622,-0.152663967,-0.108515837,0.073336755,-0.033563339
ENST00000396210,-0.342447628,-0.337546368,-0.038250927,-0.0938413,-0.049731593
ENST00000218388,-0.218405501,-0.018105408,0.128652337,0.05808608,-0.088707349
ENST00000274065,-0.101890906,-0.131702045,0.040349228,0.077789022,0.002633728
ENST00000611050,-0.081028644,-0.13022117,-0.116685079,0.009550796,0.02293892
ENST00000392514,-0.109680944,-0.095877931,-0.103784922,0.035347188,-0.029412935
ENST00000287038,-0.225456982,-0.189029935,0.01088196,-0.071393476,-0.135249371
ENST00000311549,-0.268210105,-0.295838202,-0.09306377,0.024074329,-0.084126905
ENST00000359579,-0.31007391,-0.278263054,-0.370503135,-0.004666603,0.085367937
ENST00000394667,-0.08813194,-0.13246148,-0.029358628,0.041282726,-0.027960139
ENST00000531188,-0.044264089,-0.031682188,0.063173088,0.174429623,0.017798488
ENST00000245458,-0.275044296,-0.140829072,-0.042664355,-0.009092378,-0.07967374
ENST00000348462,-0.044264089,-0.016595483,0.076547182,0.201983457,-0.039976135
ENST00000422514,-0.11826467,-0.092570736,-0.008760556,-0.007779806,-0.043921638
ENST00000525634,-0.210797785,-0.087347155,-0.011465088,0.018251661,-0.040125588
ENST00000273951,-0.266157394,-0.208824901,0.02645161,-0.252166738,-0.056318026
ENST00000322203,-0.132414999,-0.069358972,-0.052130926,-0.01218303,0.023308321
ENST00000321331,-0.263588231,-0.190690714,0.043054041,-0.211619129,0.063289421
ENST00000469257,-0.026317409,0.018975311,0.128942667,0.05174835,0.016313124
ENST00000394077,-0.066466404,-0.165232327,-0.0613881,0.000675481,-0.070312752
ENST00000304043,-0.268742629,-0.304375894,0.017453426,-0.139306988,-0.159695624
ENST00000555619,-0.211415097,-0.073683983,0.050881936,0.104825572,-0.100084302
ENST00000358435,-0.204853797,-0.244779208,-0.058307893,0.0123694,-0.113587197
ENST00000380554,-0.203693818,-0.245308331,-0.154822555,0.130512835,-0.027595033
ENST00000247866,-0.284177531,-0.248458541,0.02314881,-0.104487706,-0.197943261
ENST00000300026,-0.068176709,-0.141658125,-0.114979673,0.226794157,0.039373959
ENST00000438607,-0.140168512,-0.175821649,-0.024086517,-0.031437366,-0.013250703
ENST00000563390,-0.270145496,-0.137504717,-0.150718992,0.087176232,-0.123541365
ENST00000237500,-0.153018292,-0.184866517,-0.134886965,-0.048480322,0.003742918
ENST00000456793,-0.244326638,-0.077835964,-0.028057638,0.075576754,-0.109677592
ENST00000311111,-0.164021156,-0.088904078,0.03723123,-0.146543205,-0.109260799
ENST00000301522,-0.212034498,-0.241874397,0.068214947,-0.122963461,-0.027296595
ENST00000317881,-0.264846043,-0.15293805,-0.097597594,-0.061238066,0.048522341
ENST00000223321,-0.220113924,-0.30468834,0.000407759,-0.004865781,-0.009766004
ENST00000645674,-0.209209652,-0.167515988,-0.036565986,0.019333741,0.065212947
ENST00000353411,-0.278121849,-0.249288877,-0.174147277,-0.063599935,-0.035250653
ENST00000547649,-0.082291622,-0.367933374,-0.111259572,0.055788794,-0.032424609
ENST00000643754,-0.3572034,-0.061032337,0.033333275,0.027660716,-0.06480839
ENST00000430157,-0.067696783,-0.053296689,-0.006075109,0.065885425,0.037972188
ENST00000248566,-0.282319626,-0.303888861,0.001719048,-0.030919593,-0.213044043
ENST00000454021,-0.146885742,-0.33164415,-0.122923058,0.143944801,-0.066765744
ENST00000552361,-0.19306475,-0.164372087,-0.094330858,0.096459713,-0.137013571
ENST00000601521,0.06943641,-0.133284409,0.123044831,0.134348838,-0.052332345
ENST00000298289,-0.183952573,-0.213388387,-0.053271059,0.072165216,0.009111416
ENST00000380842,-0.176367625,-0.255895241,-0.043549815,0.030924235,-0.148872655
ENST00000261507,-0.032516429,-0.090304129,0.065410605,-0.144330055,0.213809439
ENST00000464167,-0.096494048,-0.165960084,0.054973086,0.040145571,0.068494853
ENST00000378667,-0.348384454,-0.074820926,-0.07902771,-0.050093512,-0.104353988
ENST00000370086,-0.184712956,-0.283016584,-0.041553004,-0.058503435,-0.095049955
ENST00000290299,-0.211951744,-0.23651204,0.040100937,-0.250411151,0.073058621
ENST00000372134,-0.178445905,-0.039890702,-0.049999065,-0.073285502,0.069088237
ENST00000649813,-0.318965888,-0.345025587,-0.030906962,-0.225999485,-0.099926582
ENST00000250498,-0.019317732,-0.165368997,-0.045316741,0.117359238,0.137580638
ENST00000367889,-0.246098338,-0.198905262,-0.036336324,-0.048302456,-0.136206243
ENST00000217456,-0.211776556,0.009458984,0.130710624,-0.153496147,0.00433721
ENST00000369722,-0.205727511,-0.112384885,-0.191941654,-0.241964701,0.135112735
ENST00000439590,-0.219748616,-0.237235785,-0.022290695,0.163310126,-0.091130293
ENST00000586895,-0.01707245,-0.151535742,0.124357902,0.06149279,-0.051513777
ENST00000398752,0.058693102,-0.101765398,-0.071910951,-0.235221284,0.298732707
ENST00000519374,-0.081983755,-0.115001782,-0.15972703,0.006779047,0.064309354
ENST00000355749,-0.222084519,-0.027130737,-0.040345011,-0.228027206,0.023308321
ENST00000233468,-0.273082779,-0.320083229,0.022183151,-0.107196145,-0.156526227
ENST00000220849,0.01666491,-0.151406774,-0.025793344,0.002795533,0.132898314
ENST00000557016,-0.156542893,-0.23189309,0.087313104,0.100150925,-0.03655904
ENST00000553947,-0.114799891,-0.315352372,-0.09494697,-0.011129438,0.07037778
ENST00000370321,-0.22365307,-0.161079514,0.137365971,0.125896165,-0.394746509
ENST00000262193,-0.194562876,-0.26489583,-0.184288082,0.025054363,-0.003021788
ENST00000379270,-0.045886006,-0.097571621,0.051371419,0.010009645,0.100286676
ENST00000296102,-0.230214514,-0.177050802,-0.132779582,0.063690573,-0.115705791
ENST00000261479,-0.050287876,-0.221431831,-0.127288696,0.046260545,0.063671981
ENST00000211314,-0.277205637,-0.094011271,-0.056796118,-0.166066612,-0.009014991
ENST00000259037,-0.271034951,-0.287661752,-0.153122406,-0.304078216,0.128661321
ENST00000356493,-0.055775015,-0.17015406,-0.074554847,0.213190114,0.136284562
ENST00000509698,-0.289230202,-0.025144117,0.164356546,0.042972929,-0.328713125
ENST00000367846,-0.279314733,0.027657165,0.195725124,0.032639714,-0.132384532
ENST00000361564,-0.127858218,-0.310684531,-0.041863438,0.180899523,-0.176444733
ENST00000373237,0.015236923,-0.111958368,-0.047551745,0.182533127,0.101653339
ENST00000331835,-0.257181562,-0.018027281,0.010178372,0.138812347,-0.091620172
ENST00000371129,-0.073410434,-0.364464089,-0.110056688,-0.358734912,0.231117897
ENST00000276682,-0.284214881,-0.204553367,-0.090855529,-0.022119604,-0.044175276
ENST00000380171,-0.155772404,0.038887901,0.136173168,-0.037191485,-0.139628811
ENST00000256545,-0.137699563,-0.068148962,0.159034973,0.127762017,-0.061889353
ENST00000306024,-0.394450444,-0.238398593,-0.088762391,0.158276798,-0.269888056
ENST00000225969,-0.34000266,-0.229353453,-0.105064204,-0.096603476,0.022893693
ENST00000232892,-0.252175923,-0.240788348,-0.071799291,-0.121143263,0.057765695
ENST00000635567,-0.323733789,-0.275074776,-0.003131834,-0.137578557,-0.051513777
ENST00000296684,-0.121628381,-0.173629512,0.027895062,-0.010821415,-0.116608806
ENST00000399817,0.167878236,-0.447390325,0.349823157,0.236396286,-0.306086604
ENST00000370508,-0.02233625,-0.036505307,-0.091539757,-0.30867279,0.235514632
ENST00000389912,-0.361237302,-0.271660319,-0.108376938,0.100606136,-0.053558979
ENST00000216416,-0.171021231,-0.130986791,0.019623736,-0.197842994,0.089482477
ENST00000336023,0.268604426,0.300947831,-0.358044945,0.280959317,-0.176778651
ENST00000645507,0.820130983,0.664975297,-0.159652116,-0.03674298,0.170017769
ENST00000216281,0.142059078,0.050771928,-0.603421334,-0.173927359,-0.354866911
ENST00000286091,-0.029369873,0.034106213,-0.341678141,-0.535908581,-0.663013818
ENST00000498317,-0.234110533,1.363350314,0.029049412,-0.20921903,-0.332872841
ENST00000371697,0.487910998,0.23587811,-0.680828184,0.250240307,-0.251290837
ENST00000503506,0.500496878,0.63959866,-0.400087826,-0.058641845,0.090722838
ENST00000256854,0.140714371,0.161094125,-0.359416157,-0.358734912,-0.307302017
ENST00000261024,0.748344248,0.360694337,-0.303755658,0.080065275,0.017727815
ENST00000372797,0.323593142,0.249111956,-0.540777623,0.029755432,0.015621383
ENST00000339995,1.013525202,0.82315317,-0.212154875,0.277682946,0.184440447
ENST00000357266,1.063599945,0.731197276,-0.023705003,0.080490598,0.35610697
ENST00000311151,0.385128703,0.06818736,-0.587870331,-0.138560316,0.000379828
ENST00000244741,0.361992525,0.212655957,-0.415735431,0.025246224,-0.098407588
ENST00000266718,0.383447241,0.068902333,-0.558761207,0.202820141,-0.013943075
ENST00000369817,0.109711869,0.021732186,0.167494027,0.133853824,0.059064835
ENST00000216146,0.122272314,0.033262221,-0.009007086,0.144612138,0.157838692
ENST00000598742,0.119387723,0.144865344,0.127534961,0.11843217,0.16470336
ENST00000407193,0.004695561,0.037897764,0.096722965,0.259753394,0.149366255
ENST00000321153,0.017434279,0.008937663,0.15513658,0.105731809,0.090379192
ENST00000221975,0.12886005,0.080339488,0.114991525,0.295579615,0.040963211
ENST00000249786,0.039279735,0.070306474,0.231859787,0.001760972,0.07540634
ENST00000559463,0.031286944,0.13386285,0.123923708,0.344115046,0.191892082
ENST00000347512,0.103551526,-0.019888254,0.223971267,0.279295153,0.153118044
ENST00000294189,0.110113254,0.094174055,0.13202175,0.08356563,0.099267536
ENST00000367055,0.17408008,-0.046516467,0.17231185,0.303934083,0.151389293
ENST00000530022,-0.104699943,0.009981915,0.146171868,0.206354601,0.051969576
ENST00000237530,0.345044584,0.269595452,0.180705788,0.397686899,0.339413827
ENST00000217652,0.193413061,0.115273377,0.082430295,0.251973626,0.085529363
ENST00000262030,-0.004612436,0.111608432,-0.006513818,-0.109359141,0.345667196
ENST00000257857,0.398638122,0.212392288,0.175011703,0.388620902,0.184054776
ENST00000571922,0.300612339,-0.004614974,0.10170945,0.319977083,0.282307055
ENST00000529639,0.060838373,0.021760348,0.092345301,0.232682716,-0.003472296
ENST00000409115,0.311614496,0.400339157,0.112912927,0.364477527,0.200181731
ENST00000366667,0.215769078,0.215747075,0.111593151,0.012889172,0.432487609
ENST00000223271,0.329983828,0.276875232,0.47199402,0.256147385,0.092545359
ENST00000352480,0.060593996,0.058538318,0.148111362,0.069758128,0.324759498
ENST00000592588,0.143776828,0.242660951,0.285380123,0.401891488,-0.023790861
ENST00000305366,0.398476339,0.222256583,0.149869865,0.395695222,0.273158048
ENST00000448864,-0.032142416,0.029165472,0.193144199,0.25177402,-0.105450375
ENST00000549920,0.242691197,0.297625864,0.329219384,0.36886345,-0.097051459
ENST00000546260,0.316466991,0.302097545,0.168789425,0.224480924,0.281399358
ENST00000409887,0.053781582,0.200500043,0.221931912,0.242977268,0.275442658
ENST00000366815,0.135483995,0.082360331,0.194449654,0.241442379,0.197641875
ENST00000393891,0.236751793,-0.043858115,-0.119944867,0.149950576,0.420096675
ENST00000211372,0.252896101,0.280890261,-0.013176165,0.408119473,0.361829954
ENST00000246069,0.492693039,0.282896423,0.08804282,0.534458361,0.355991665
ENST00000512737,0.212050719,0.133082541,0.224837826,0.547174984,0.141121442
ENST00000381401,0.310177426,0.142547271,0.144503431,0.371188837,0.249739297
ENST00000369406,-0.052301408,0.168623312,0.067749308,-0.121486803,0.376347762
ENST00000525643,0.272004924,0.158102955,0.317835034,0.472144385,-0.01043926
ENST00000394935,0.11845712,-0.133429033,0.122004705,0.490680336,0.003130439
ENST00000254810,0.142567147,0.258870922,0.01785073,0.144241447,0.21509066
ENST00000394975,0.398486053,0.415692631,0.536979392,0.191803165,-0.042881959
ENST00000543796,0.318596096,0.222700461,0.067825038,0.411844962,0.228690139
ENST00000420826,0.204722543,0.030181812,0.203503806,0.190062431,0.082756614
ENST00000602676,0.3097473,0.194806567,0.231148117,0.28720359,0.224907507
ENST00000411641,0.103746136,0.317533253,0.536443802,0.093044038,-0.103673235
ENST00000272167,0.067038432,0.102500143,-0.123995502,0.310024886,0.394540879
ENST00000308961,-0.11237531,0.229942248,0.040878138,0.289214715,0.312746981
ENST00000295682,0.115176427,0.248818531,0.075139584,0.296060704,0.038358927
ENST00000345046,0.082268317,0.048808345,0.095924604,0.093425653,0.050436153
ENST00000196551,-0.167754494,0.19911956,-0.195401356,0.465545982,0.072285111
ENST00000395044,0.220253808,0.438524659,0.123560171,0.305469386,0.217869287
ENST00000356769,-0.173406224,0.189342497,0.105983398,0.094690621,0.107467098
ENST00000354728,-0.148372492,0.197675553,0.077167266,-0.101463867,0.247786315
ENST00000224073,0.178128333,-0.102185825,0.152741197,0.44426644,0.096239843
ENST00000332211,-0.000841808,0.3315313,0.178842607,0.328418111,0.118607656
ENST00000348547,0.039997414,0.08081804,0.234809265,0.046828946,0.142533495
ENST00000200639,0.173782862,0.262644267,0.139069545,0.279394666,0.149481864
ENST00000373232,-0.045365803,0.021469295,0.124248316,0.338248308,0.074044097
ENST00000394295,0.328994998,0.421302569,0.156549527,0.249130876,0.307227501
ENST00000647545,0.098561075,0.288997445,0.328250591,0.396839084,0.087415993
ENST00000508632,-0.071722084,0.097061298,0.316944146,0.229910365,-0.00160748
ENST00000222693,0.310202061,0.404644498,0.116088922,0.57109209,0.246154884
ENST00000037243,0.138802012,0.139802138,0.218846372,0.067890561,0.170088873
ENST00000307227,0.40302761,0.374098732,0.077351742,-0.009415165,0.472336913
ENST00000361183,0.478315737,0.195919016,0.106206605,0.299216107,0.303317843
ENST00000379542,0.095518575,0.119420879,0.002583973,0.141263748,0.193264297
ENST00000515030,0.272035467,0.173021012,0.09535803,-0.205393941,0.328628931
ENST00000434526,0.375274803,0.099257367,-0.030053972,0.220537571,0.473760264
ENST00000265627,-0.095865285,0.345173595,0.192556264,0.021667545,0.329729973
ENST00000620552,0.280308727,0.43938193,0.389486993,0.469631238,0.092927109
ENST00000379638,0.099243168,-0.018541382,-0.02348804,0.074493296,0.261746173
ENST00000044462,0.03061263,0.032838011,0.075580142,0.239312911,0.1971232
ENST00000329597,0.127796657,0.292893648,0.300338844,0.026070386,0.279839781
ENST00000262288,0.007509561,0.228311548,0.019310209,-0.14873338,0.275383375
ENST00000533482,0.138366504,0.299679019,0.420765837,-0.102910128,0.082164658
ENST00000455385,0.244470827,0.118089882,0.128854471,0.039321409,0.138060019
ENST00000375616,0.095834211,0.164187803,0.111007121,0.574586005,0.089080051
ENST00000393087,-0.309676289,-0.073845573,-0.194757891,-1.24572526,-1.52994532
ENST00000295633,-0.172482517,-0.670757984,-1.428412973,-0.887371124,-1.635057001
ENST00000304636,0.734893941,0.651711155,-0.113816678,-0.072524558,-0.987591748
ENST00000536684,-0.702170107,-0.537404352,-0.401660246,-0.746641682,-0.455521718
ENST00000237014,-0.734141116,-0.543928183,0.029360561,-0.734704373,-0.468274356
ENST00000361624,-0.687937763,-0.530159469,-0.399516214,-0.551481251,-0.33981019
ENST00000361899,-0.666066288,-0.514489058,-0.156881654,-0.435459874,-0.44816566
ENST00000527673,-0.484049612,-1.337525828,-0.827579434,-0.319208264,-0.427076108
ENST00000361390,-0.730761049,-0.499229464,-0.301211763,-0.565233938,-0.348782805
ENST00000296695,-0.912084562,-0.918033113,-0.477789669,-0.187215648,-0.503115948
ENST00000361851,-1.054202326,-0.603703116,-0.538425082,-0.972279877,-0.257397112
ENST00000361567,-1.021180476,-0.676774656,-0.470886579,-0.592998332,-0.272993967
ENST00000372213,-1.090483948,-0.71381315,-0.225945564,-0.706326428,-0.461402052
ENST00000226355,-0.855648679,-0.711296982,-0.363283219,-0.845348127,-0.182378458
ENST00000344877,-0.942442253,-1.118969604,-0.188767407,-0.769973239,-0.869221738
ENST00000329559,-0.839424561,-0.614944915,-0.37789208,-0.743664349,-0.190473559
ENST00000645273,-1.042769842,-0.663705771,-0.206214724,-1.524566476,-0.589326599
ENST00000261070,-0.746464265,-0.765450339,-0.263166932,-0.528110211,-0.437944922
ENST00000403425,-0.779337624,-1.900625526,-0.8623095,-0.528476703,-0.437117623
ENST00000437329,-1.462621946,-1.012122737,-0.783136109,-0.372237919,-1.027031532
ENST00000577228,-0.585804309,-0.818831435,-0.321850977,-0.816632221,-0.096405235
ENST00000511472,-0.737543149,-0.953536325,-0.486124759,-0.618609966,-0.332872841
ENST00000232003,-1.632086244,-0.875778605,-0.353499055,-1.400496363,-0.637159136
ENST00000368811,0.750221033,0.649488599,0.543434306,0.925252886,0.469023735
ENST00000425368,0.825034226,0.780444469,0.388048174,0.531546766,0.764827499
ENST00000564546,0.801867666,0.69513159,0.652322533,0.875930036,0.85272413
ENST00000353047,1.063898582,1.080140996,0.671228588,0.968444028,0.859423487
ENST00000628770,0.435868439,1.085847544,1.061814938,0.424282066,0.392576224
ENST00000356978,0.864105436,0.696750263,0.643671528,0.84549814,0.716439524
ENST00000316448,1.434966472,1.388818068,0.626908906,1.368223509,0.926958758
ENST00000643777,1.193096923,1.172290414,0.890200855,0.947981098,1.001359174
ENST00000305139,1.01696524,0.549813159,0.338432579,0.596999827,0.7349736
ENST00000203407,0.875565563,0.759024179,0.756457149,0.847121882,0.842436385
ENST00000396659,1.57753518,1.520180815,0.840645641,1.467297409,1.167517257
ENST00000381192,0.940573795,0.917657156,0.5995883,1.038074907,0.514552474
ENST00000379341,0.839247104,0.808406444,0.746775041,0.802157006,0.576359978
ENST00000309268,0.140589833,0.104424785,-0.14341881,-0.044602887,-0.02019002
ENST00000260379,0.03026052,-0.005940879,-0.020119845,0.16036894,-0.037502672
ENST00000639028,-0.157812804,-0.129051701,-0.102799406,-0.05097128,-0.154423841
ENST00000361436,-0.086036337,-0.109787269,-0.095712322,-0.001087181,-0.142128826
ENST00000374517,0.036740067,-0.067410357,-0.053036095,0.179207584,-0.106993
ENST00000600659,-0.013237193,-0.107911409,-0.011105879,0.041406497,-0.0669005
ENST00000202773,-0.055816374,-0.114250745,-0.112728476,-0.006265307,-0.03090119
ENST00000403106,0.079028321,0.092544141,0.06867607,0.015084202,0.014674491
ENST00000297785,-0.01593882,-0.031645295,-0.213556641,-0.251901502,0.202599716
ENST00000380753,-0.17496778,-0.299515603,-0.458160317,0.266911419,-0.102212726
ENST00000251453,0.014052407,-0.023449155,-0.004058763,0.088239207,-0.020672586
ENST00000329251,-0.091816018,-0.059391979,-0.119911968,-0.057192765,-0.050030137
ENST00000296674,-0.183102723,-0.111949306,-0.222376696,-0.078113792,-0.117163795
ENST00000512805,-0.074707239,0.023931823,-0.022783068,0.006726699,0.01937108
ENST00000307961,0.201751031,-0.007198107,-0.011943707,0.113999254,0.143293636
ENST00000458455,-0.025440945,-0.193007678,-0.1248454,-0.037507294,-0.041362364
ENST00000278407,0.197024149,0.201806241,0.091851312,-0.027243679,0.066081435
ENST00000534624,0.247598649,0.125340972,-0.16876277,0.01327787,0.211552153
ENST00000293842,-0.023414222,-0.087188217,-0.130712326,0.009662519,-0.091196944
ENST00000328916,0.323887023,0.215186828,0.014061806,0.063089575,0.10042764
ENST00000574513,0.174752478,0.157102851,-0.06564828,-0.024095311,0.300280202
ENST00000301821,-0.131351928,-0.102515695,-0.058763373,-0.017074106,-0.109682214
ENST00000355968,0.181642817,0.151621138,0.229240585,0.400835472,-0.223961319
ENST00000504293,-0.082895643,-0.038579135,-0.094454562,-0.019406843,-0.229000986
ENST00000647841,-0.00931443,-0.2273511,-0.121552327,0.131419951,-0.115482472
ENST00000360526,0.145378275,0.198671825,-0.04370199,-0.046382504,0.245783344
ENST00000273223,-0.096593919,0.019942131,0.002946216,0.116593753,-0.108842338
ENST00000553110,0.046513236,-0.013203812,0.084538282,0.224425346,-0.085792046
ENST00000630979,0.006040993,-0.026491613,-0.033437832,0.015423141,-0.069121633
ENST00000296930,-0.014412921,-0.124171926,0.015841072,-0.020140203,-0.112589065
ENST00000335895,-0.015694937,-0.137356946,-0.076060942,-0.061392456,-0.159319442
ENST00000388968,0.147803796,0.095802665,-0.135728095,-0.019331851,0.174849678
ENST00000304921,0.048112053,0.034251011,-0.026977513,0.175224605,0.011706333
ENST00000271638,0.218442692,0.133576927,0.075345115,0.427837558,-0.073562318
ENST00000546500,0.428953681,0.223283439,-0.014830112,0.264582472,0.1941536
ENST00000234875,-0.029016315,0.10630487,0.04301944,-0.086619388,-0.089978966
ENST00000457341,0.224412464,-0.005088617,-0.117036845,0.316531986,-0.108733264
ENST00000418115,0.328554925,0.123169848,-0.106855815,0.144596735,0.22115511
ENST00000233156,0.049881362,-0.062995067,0.059995043,-0.205127933,-0.011313298
ENST00000289004,0.06821064,0.061380629,-0.090327918,-0.063221353,-0.064142916
ENST00000356674,0.045083397,0.022906481,-0.110147563,0.041895353,-0.101320725
ENST00000305354,-0.024775659,-0.089229229,0.028140606,-0.021376777,-0.186549858
ENST00000295958,0.272323695,0.137860404,0.175833584,0.026751866,-0.030872075
ENST00000234831,-0.103642636,-0.025445044,0.130451751,-0.091889883,-0.318797656
ENST00000530758,-0.127630825,0.008957307,0.097457455,0.058994161,-0.221628997
ENST00000479563,-0.008492958,-0.058891984,-0.215064212,0.225015476,-0.164382029
ENST00000304786,0.023986328,-0.068289891,-0.123691237,-0.087679147,0.091422827
ENST00000616082,0.030412598,0.05009131,0.005766504,0.102885983,-0.177785347
ENST00000353999,0.120903464,0.055637683,-0.204014487,0.155353403,0.22552286
ENST00000525451,0.224351349,0.245007125,0.033132357,0.399182496,-0.078305819
ENST00000303575,0.076674181,0.120749022,-0.041079748,-0.040057352,0.087827603
ENST00000359543,-0.103891041,-0.110685807,-0.024051153,-0.276199184,-0.127913036
ENST00000296417,-0.140067043,0.049632765,-0.293347315,0.243617849,0.019482644
ENST00000330899,-0.143799762,-0.159151842,-0.244934742,-0.009017424,-0.120251977
ENST00000338702,0.249708494,0.061895778,-0.022201982,-0.546558704,0.456027482
ENST00000317799,0.026125239,-0.079993426,-0.043549815,-0.393689524,0.189751729
ENST00000242577,-0.122362592,-0.13449034,-0.177329783,0.041738273,-0.117539448
ENST00000374050,-0.148125688,-0.140366906,-0.107225545,-0.030411512,-0.110044911
ENST00000228306,-0.069690548,0.040184473,-0.24235047,0.106479059,0.067714145
ENST00000295702,-0.027646017,-0.22430407,-0.145203595,-0.018198415,-0.216918042
ENST00000337130,-0.136880348,-0.065813435,-0.043549815,-0.114223849,-0.24664787
ENST00000261735,0.08390157,0.118037883,0.050783769,0.26344137,-0.017493233
ENST00000551018,0.026125239,-0.133873144,-0.084077621,0.058367787,-0.115514058
ENST00000610680,0.193537772,-0.029826024,0.063001339,0.033597384,0.061946665
ENST00000394634,0.095895517,0.010135418,-0.128065633,-0.216750301,0.22663648
ENST00000491306,-0.307298495,0.095711789,-0.079638685,-0.103875787,-0.109079065
ENST00000524496,0.094143663,0.214253198,-0.040933866,0.178000318,-0.00685365
ENST00000228136,0.143896698,0.192879548,0.03243932,0.111983145,0.116003098
ENST00000372661,0.202478194,-0.071300673,-0.04516628,0.093246136,0.05735083
ENST00000367975,0.005366679,0.160410005,-0.250835343,0.093425653,0.279839781
ENST00000273258,0.377968912,0.22726498,0.141482079,0.047132001,0.075481283
ENST00000477892,0.241084903,0.296282831,0.427209532,-0.174533565,-0.045421306
ENST00000588234,-0.09462692,0.022448555,0.059639234,0.114516721,-0.178425
ENST00000216500,-0.037671411,0.180167041,-0.125227985,0.10055675,-0.076096253
ENST00000225792,0.245343413,0.025798621,-0.18198818,0.011307033,0.400301517
ENST00000252593,-0.003776247,0.052515959,-0.121552327,0.100805184,-0.181294132
ENST00000205402,0.166446528,-0.055039826,-0.268393715,-0.249681129,0.186437652
ENST00000371065,0.060890657,-0.135969171,-0.109870521,-0.14670349,0.042468587
ENST00000368003,-0.329703262,0.150749169,0.09066829,-0.061946876,-0.391553999
ENST00000310974,0.187635418,0.432230329,0.175521835,0.318952325,-0.067735892
ENST00000530028,0.158432531,0.145155587,0.145551744,0.0244513,0.00801266
ENST00000375602,-0.046775308,0.02345182,0.070046941,0.061604298,-0.318797656
ENST00000342192,-0.185158792,-0.046937507,-0.230076783,0.098917457,-0.153060452
ENST00000394440,0.095518575,-0.023090766,-0.203276724,-0.009415165,-0.014540588
ENST00000261700,-0.102891819,-0.275074776,-0.317240424,0.074260086,-0.150291932
ENST00000337002,-0.11826467,0.254232027,-0.156317745,-0.215902405,0.053756512
ENST00000529460,0.07765554,0.079928585,-0.148024538,0.211343351,-0.134373085
ENST00000380649,0.272891256,0.273224743,-0.170918404,-0.006806806,0.436579975
ENST00000338639,-0.019971175,-0.117440259,-0.016582767,0.204156251,-0.388506628
ENST00000306085,0.218770317,0.001844866,-0.00290783,0.319429328,-0.114179937
ENST00000312175,-0.069452421,0.049203225,-0.277671528,-0.077960305,-0.008010119
ENST00000541152,0.107045235,-0.089959523,-0.112333796,-0.017839313,-0.05345309
ENST00000396394,0.067545167,-0.209876079,-0.19334301,-0.026152929,0.005929072
ENST00000264335,0.063358145,-0.016997741,-0.048023291,-0.057640321,-0.025438714
ENST00000263384,-0.231262604,0.093705724,-0.021388165,0.13017484,-0.29078328
ENST00000376745,0.219948508,0.157836061,0.136759669,0.189881086,-0.048708493
ENST00000248342,-0.007595379,-0.011662033,-0.024876307,0.177863403,-0.09436609
ENST00000600213,-0.951530958,-0.842238718,-0.677662803,-0.976843992,-0.787599558
ENST00000389805,-0.601658544,-0.307478841,-0.374820426,-0.592864466,-0.866809021
ENST00000636275,-1.11560287,-1.351264885,-0.593961005,-0.888482506,-1.232824433
ENST00000382581,-0.372182621,-0.028239513,-0.252164404,-0.714278903,-0.785220542
ENST00000245857,-0.372685946,-0.390504318,-0.435583091,-0.279640119,-0.754134717
ENST00000361681,-0.70393041,-0.569626182,-0.733481875,-0.788143664,-0.405982227
ENST00000377803,-0.618958254,-0.259251085,-1.135358126,-0.368901491,-0.583010253
ENST00000290541,-0.686387311,-0.340628935,-0.599599623,-0.814925899,-0.495675418
ENST00000373622,-1.291898401,-0.602392057,-0.401101819,-0.570843196,-1.378669112
ENST00000004103,-0.626581868,-0.332201861,-0.629209101,-0.932109439,-1.042587862
ENST00000462576,-0.184441747,-1.278263054,-0.876439829,-0.686996941,-0.61425354
ENST00000621085,-1.545416746,-0.895608728,-1.038590878,-0.932109439,-1.359824925
ENST00000450169,-0.504898454,-0.278263054,-0.47824584,-0.932109439,-0.463187566
ENST00000621628,-1.735715024,-1.036188266,-1.103173797,-1.310621062,-0.953148184
ENST00000404814,0.432642861,0.319736467,0.554837342,0.826914639,0.044715978
ENST00000222247,0.159139551,0.235291513,0.235529038,0.446567073,0.233645924
ENST00000316403,0.346131416,0.913654676,0.41151719,0.405248697,0.586171021
ENST00000262584,0.20601841,0.202622449,0.242982754,0.457016788,0.353491896
ENST00000299964,0.341924865,0.288516913,0.312813434,0.790609269,0.196886992
ENST00000258424,0.091175788,0.110160453,0.472455314,0.334323544,0.162735255
ENST00000255409,0.384789807,0.306699447,0.178446664,0.447616745,0.602760989
ENST00000388835,0.635138102,0.409425749,0.244759133,0.738958269,0.561949308
ENST00000294338,0.064702271,-0.032188713,0.047938194,0.406146826,0.342314183
ENST00000292401,0.054374716,0.09648174,0.35628596,0.251336702,0.190876717
ENST00000217407,0.444408398,0.397979954,0.429806644,0.470691388,0.590690051
ENST00000270792,0.48493514,0.265080358,0.392564946,0.613577913,0.217490998
ENST00000339083,0.253847164,0.299204911,0.148111362,0.562896365,0.327150046
ENST00000552981,0.341901107,0.438611123,0.503767912,0.420192305,0.365018231
ENST00000282050,0.128124953,0.20404627,0.186569969,0.341455635,0.33831463
ENST00000526464,0.592368542,0.342128937,0.441097712,0.740472183,0.485137205
ENST00000404735,0.457372966,0.522088481,0.425792465,0.726989484,0.263445343
ENST00000263368,0.509971896,0.203605954,0.338381711,0.633375687,0.428083407
ENST00000435882,0.115058968,0.076642364,0.440057527,0.674921485,0.274480113
ENST00000291568,0.534534237,0.635322195,0.553720945,0.688749719,0.46925671
ENST00000330244,-0.163252125,0.143200715,0.339959603,0.570390902,0.243081231
ENST00000370645,0.181919912,0.21864327,0.398704485,0.520402766,0.358087334
ENST00000315758,0.080694182,0.084307026,0.243559947,0.176557247,0.464523574
ENST00000378364,0.323979199,0.475487125,0.343758379,0.807922458,0.442517799
ENST00000361427,0.554276818,0.580776024,0.298592063,0.564963829,0.701522328
ENST00000263672,0.260590493,0.247142602,0.266718263,0.237815563,0.476382552
ENST00000370873,0.253377952,0.340382573,0.423741559,0.554939305,0.386004614
ENST00000319006,0.306003155,0.165084842,0.281708005,0.424584074,0.520047552
ENST00000503453,-0.069799181,0.759211652,0.038023987,0.3745519,0.887231319
ENST00000634245,0.213440813,0.130376675,0.26120877,0.142529362,0.540503481
ENST00000361298,0.293409118,0.434887716,0.52315476,0.457164964,0.400182192
ENST00000429243,0.114352422,0.089712409,0.128425926,0.192337932,0.471748978
ENST00000340533,-0.961706088,-0.669772017,0.091258154,-0.536612126,-0.073483001
ENST00000405140,-0.126073593,-2.135006003,-0.09883225,0.070530443,0.062150952
ENST00000303577,-0.866959557,-0.997991943,0.181010444,0.214194866,-0.074378929
ENST00000255040,-0.92052872,-0.653855329,0.111784579,-0.417536266,0.038979412
ENST00000254878,-0.967053495,-0.738442709,-0.132993267,-0.647584078,0.004497274
ENST00000220764,-0.649810922,-0.530517621,-0.013492581,-0.251535026,0.059713967
ENST00000367698,-0.649602726,-0.484798519,0.140504312,-0.370798206,0.101727469
ENST00000398131,-0.4586731,-0.162785836,0.358025425,-0.022079136,0.117301459
ENST00000507980,-0.633534629,-0.204097035,0.808389201,0.341365388,0.026760185
ENST00000645909,-0.95844472,-0.748643587,0.006991794,-0.716380748,0.07278087
ENST00000617605,-0.673657664,-0.757789279,0.067804181,0.011622342,-0.027142572
ENST00000320493,-0.754093553,-0.450186841,0.208872945,-0.235890187,0.042757513
ENST00000260682,-0.911947012,-0.683840224,0.067925472,-0.913250411,0.253453793
ENST00000495186,-0.501881377,-0.275844453,0.09112494,0.008593378,0.223585056
ENST00000461906,-0.966495231,-0.715668366,-0.077830949,-0.623560374,0.158680418
ENST00000554643,-0.584600358,-0.394538443,0.15278631,-0.190045977,0.127809922
ENST00000368087,-0.860492961,-0.821308165,0.049380495,-0.626606892,0.229406294
ENST00000522934,-1.061337602,-0.257201438,0.389244156,-0.080972825,-0.406260497
ENST00000361739,-0.864786245,-0.542309752,-0.214461181,-0.368916601,-0.223809186
ENST00000393088,-0.485294501,-0.203146157,-0.120605366,-0.277910583,0.133325957
ENST00000588750,-0.534087061,-0.441054654,0.03781703,-0.29538551,-0.214485186
ENST00000361789,-0.757708914,-0.575244791,-0.293809145,-0.439069427,-0.2059036
ENST00000334575,-0.690868785,-0.424769207,-0.146041745,-0.568288214,0.032126574
ENST00000205948,-0.609173736,-0.515019891,-0.077625198,-0.410982412,-0.112833436
ENST00000339600,-0.600168388,-0.558445218,-0.148691965,-0.312368321,-0.079517604
ENST00000361381,-0.65743885,-0.403878883,-0.103599657,-0.334741917,-0.327231753
ENST00000338380,-0.656884155,-0.548233735,-0.006804443,-0.656021727,-0.254832179
ENST00000362079,-0.716378539,-0.608257166,-0.204650792,-0.475236314,-0.305877913
ENST00000361453,-0.698824979,-0.45109965,-0.177432777,-0.392316908,-0.342256629
ENST00000229379,-0.417629769,-0.36618956,0.012913588,-0.236527765,-0.027606238
ENST00000284971,-0.624561444,-0.491920665,-0.140496749,-0.492459385,-0.097239886
ENST00000309579,-0.45870059,-0.369570215,-0.117050934,-0.220614532,-0.125025913
ENST00000371437,-0.511605302,-0.447902288,-0.098117938,-0.413426671,-0.22368907
ENST00000249289,-0.698406533,-0.716421161,-0.050689787,-0.464154055,-0.309652174
ENST00000265983,-0.558837262,-0.483401999,0.08495085,-0.242025992,-0.171273156
ENST00000378670,-0.34866467,-0.462566639,-0.100413559,-0.286338026,0.064619707
ENST00000340385,-0.355008445,-0.46291091,-0.095590533,-0.197953378,0.041900009
ENST00000233893,-0.403088029,-0.353023148,-0.061274315,-0.079311546,-0.134834821
ENST00000370081,-0.573664679,-0.472173099,-0.197261986,-0.435347542,-0.216314699
ENST00000305107,-0.760316997,-0.470908132,-0.348060856,-0.763555169,-0.029291039
ENST00000286758,-0.853020366,-0.414016795,0.230866136,-1.243570535,-0.185119221
ENST00000361335,-0.620702517,-0.366393964,-0.399626132,-0.456896424,0.112181387
ENST00000237889,-0.679762044,-0.726298828,-0.268997985,-0.510742337,-0.241176759
ENST00000616316,-0.410472745,-0.287376761,-0.008593146,-0.192239576,-0.084514114
ENST00000300688,-0.416584679,-0.334472875,-0.187836194,-0.223070281,0.042941617
ENST00000356708,-0.468166903,-0.348165067,-0.1530879,-0.220316916,-0.046048096
ENST00000286953,-0.603861186,-0.473212757,-0.20733703,-0.333776175,-0.173256813
ENST00000358406,-0.542581371,-0.3591634,-0.120190651,-0.3485099,0.034661594
ENST00000287022,-0.571511092,-0.530402818,-0.139894907,-0.550043184,-0.265128991
ENST00000398056,-1.002443913,-0.723313122,-0.209015168,-0.50545002,-0.353149161
ENST00000584577,-0.568085338,-0.532108288,-0.120016728,-0.037252943,-0.242494289
ENST00000311672,-0.36077417,-0.378143416,-0.032671045,-0.374751399,-0.112346779
ENST00000374855,-0.608590297,-0.438440078,-0.084537484,-1.103257581,0.131267228
ENST00000368356,-0.730155498,-0.606821032,-0.437920896,-0.294281698,0.004244059
ENST00000539261,-0.829908986,-0.885945631,0.026437704,-0.610181344,-0.298898099
ENST00000486534,-0.234110533,-0.953536325,0.029049412,-0.20921903,-0.339962266
ENST00000463368,-0.234110533,-0.953536325,0.029049412,-0.20921903,-0.339962266
ENST00000476879,-0.234110533,-0.953536325,0.029049412,-0.20921903,-0.332872841
ENST00000479416,-0.234110533,-0.953536325,0.029049412,-0.20921903,-0.332872841
ENST00000468339,-0.234110533,-0.953536325,0.029049412,-0.20921903,-0.332872841
ENST00000374313,-0.639210678,-0.506887429,-0.182026186,-0.525982993,-0.05932107
ENST00000493422,-0.574023665,-0.151788308,0.112661126,-0.909625425,0.263644852
ENST00000394252,-0.663953967,-0.531195056,-0.209990291,-0.463490899,-0.135933599
ENST00000372563,-0.558837262,-0.62403789,-0.250671112,-0.397960728,-0.257068666
ENST00000481445,-0.39420656,-0.288205857,0.147634306,-0.225584958,-0.140091769
ENST00000379847,-0.447805949,-0.423412476,-0.028442922,0.008996872,-0.140652148
ENST00000393868,-0.473948364,-0.57580699,-0.278421175,-0.391541057,0.083064454
ENST00000216225,-0.586493605,-0.222294241,-0.196514384,0.040234218,-0.138762627
ENST00000259457,-0.387851065,-0.408143336,-0.244479848,-0.343965691,0.101009087
ENST00000359481,-0.799845361,-0.713620537,-0.027182376,-0.600127679,-0.249850303
ENST00000328434,-0.517614599,-0.318009232,-0.093940095,-0.220454933,-0.060999899
ENST00000585421,-0.699699797,-0.40074706,-0.038261983,-0.030447358,-0.364240627
ENST00000276590,-0.547060094,-0.526005807,-0.113690209,-0.270389739,-0.227167181
ENST00000524142,-0.582882736,-0.402710424,-0.27664991,-0.45009324,-0.087913774
ENST00000306185,-0.347333156,-0.428158484,0.045557659,-0.297393903,-0.118264669
ENST00000261811,-0.650260289,-0.514963312,-0.254002623,-0.42514945,0.02822142
ENST00000520517,-1.003976793,-0.284660825,0.027895062,-0.602541282,-0.161696695
ENST00000371270,-0.725487131,-0.274987922,-0.028442922,-0.626006311,0.039393983
ENST00000383547,-0.441267665,-0.49048367,-0.139814533,0.140870007,-0.346278393
ENST00000256441,-0.504389478,-0.586385349,-0.149566703,-0.356424752,-0.161256379
ENST00000367027,-0.723467963,-0.721869705,0.128854471,-0.721891731,-0.515489567
ENST00000649620,-4.082399218,-2.738815212,-0.706514827,-2.175563476,-2.562251693
ENST00000371464,1.091707342,1.030721433,1.363553625,1.172050935,1.058158291
ENST00000236850,1.186589911,1.345080539,1.452367075,1.299347065,1.447568854
ENST00000392222,0.862005859,0.887778513,1.018768962,1.082361044,1.334336347
ENST00000372397,0.989366689,1.15242618,1.029089091,0.823785884,1.22006843
ENST00000233143,0.610144494,0.517528337,0.274263193,0.63028265,0.016084649
ENST00000229239,0.702493451,0.564319522,0.437917384,0.219138352,0.241073864
ENST00000402696,0.558795961,0.565561123,0.238169391,0.073368001,0.152448085
ENST00000451270,0.490830123,0.28826423,-0.023870692,0.473739898,0.13580235
ENST00000451311,0.5013104,0.214286829,0.11643695,0.637526062,-0.075278687
ENST00000422447,0.955812162,0.737850257,0.613582049,0.549062774,0.214412702
ENST00000335181,1.052653618,0.857273222,0.390547301,0.553758647,0.541844059
ENST00000276914,0.857031044,0.886110979,0.792853474,0.184390242,-0.126152578
ENST00000258149,0.771144468,0.587670868,-0.046450871,0.26328625,0.426951497
ENST00000296511,0.456469991,0.374338164,0.150006152,0.438984713,0.119140245
ENST00000229270,0.506488986,0.341652046,0.291518308,0.213590226,0.112850806
ENST00000293308,0.589777234,0.905696057,0.054782926,1.020584846,-0.011326397
ENST00000462138,0.789637988,0.632743651,0.065068964,0.556993047,0.434562376
ENST00000368097,0.6471374,0.487691753,0.332241216,0.6312662,0.192915862
ENST00000399075,0.660331259,0.658374885,0.429621861,0.186831634,0.129662845
ENST00000222553,0.661211219,0.648167728,0.247681483,0.308898661,0.351053742
ENST00000317091,0.598704015,0.647286997,0.21001835,0.221599977,0.308228904
ENST00000332598,0.657257921,0.464847281,0.253345782,0.696180494,0.206293388
ENST00000260227,0.50182552,0.142846636,-0.049618432,0.450481438,0.190455185
ENST00000293831,0.45533007,0.442476226,0.174840676,0.262906544,0.334141638
ENST00000358415,0.603434167,0.45132301,0.076806403,0.194647704,0.514953
ENST00000368533,0.765195422,0.639119916,0.234372079,0.588243981,0.058903692
ENST00000215909,0.865452551,0.940335795,0.572344546,0.569142356,0.155981927
ENST00000438171,0.782199656,0.701559065,0.401544919,0.224694641,0.276812089
ENST00000272227,0.760817082,0.744279515,0.299153923,0.779645593,0.277480158
ENST00000644934,0.893230969,0.77554339,0.333325437,0.062108209,0.616284867
ENST00000456012,0.633074553,0.607358925,0.654751416,0.648938012,0.005474379
ENST00000286713,0.76789182,0.69901687,0.080081535,0.473882921,0.535862981
ENST00000353555,0.755271329,1.104740618,0.74224329,1.067890561,0.086458822
ENST00000302068,-0.325024511,-0.19175406,-0.064573485,-0.137633022,-0.233965241
ENST00000409733,-0.208296428,-0.165010501,-0.106808253,-0.011501964,-0.23355948
ENST00000361575,-0.258258487,-0.335265828,-0.142271511,-0.1229259,-0.122082914
ENST00000359681,-0.249325065,-0.236309594,-0.098030652,-0.281411738,-0.264997954
ENST00000319248,-0.338650796,-0.340334619,-0.221822944,-0.083112793,-0.082148155
ENST00000540040,-0.373463514,-0.238912908,-0.141915958,-0.351549429,-0.268262533
ENST00000247655,-0.327618479,-0.286574156,-0.031689393,-0.301283197,-0.145194144
ENST00000648006,-0.257010373,-0.236896627,0.004818455,-0.087645459,-0.249416853
ENST00000243997,-0.319150917,-0.255030747,-0.059414662,-0.211158254,-0.10850056
ENST00000253788,-0.304146046,-0.277860572,-0.046264199,-0.116497416,-0.291681528
ENST00000348108,-0.216104552,-0.16365407,-0.017403115,0.1084206,-0.307557905
ENST00000580261,-0.218249711,-0.21153694,-0.171934516,-0.001176191,-0.183624192
ENST00000393394,-0.35390581,-0.201110023,-0.204908073,-0.045610632,-0.177846831
ENST00000330964,-0.362049656,-0.347749759,-0.18473644,-0.163477425,-0.175802868
ENST00000648839,-0.235298117,-0.234601825,-0.140482055,-0.067197062,-0.189744936
ENST00000429711,-0.250084555,-0.214622845,-0.171593009,-0.102674983,-0.053715422
ENST00000343986,-0.254769158,-0.210234446,-0.124996336,-0.091239237,-0.099061317
ENST00000270142,-0.551557036,-0.296010109,-0.171888801,-0.295374793,-0.146981658
ENST00000644759,-0.176568618,-0.225446355,-0.136298912,-0.228287962,-0.039553023
ENST00000380872,-0.475675884,-0.396260263,-0.393172725,-0.131604762,-0.166039423
ENST00000407693,-0.392658399,-0.275675259,-0.152091312,-0.303773529,-0.154928955
ENST00000648437,-0.485905739,-0.496320551,-0.146705804,-0.497172382,-0.384385998
ENST00000625860,-0.506066786,-0.39994161,-0.24759763,-0.709717017,-0.153279756
ENST00000305046,-0.62705549,-0.256697704,-0.113847662,-0.883682749,-0.098890498
ENST00000304312,-0.381848082,-0.358681736,-0.040807916,-0.442962725,-0.111381442
ENST00000272298,-0.315816879,-0.343716115,-0.336530591,-0.077341574,-0.167085458
ENST00000261509,-0.304135074,-0.108338052,-0.03064383,-0.156947521,-0.25288354
ENST00000394349,-0.36358097,-0.392434073,-0.146660775,-0.293399966,-0.298039096
ENST00000326199,-0.470481387,-0.346679517,-0.27862641,-0.203673316,-0.387214119
ENST00000267884,-0.33644484,-0.310740677,-0.093284601,-0.152307647,-0.241835674
ENST00000302182,-0.361156594,-0.432509841,-0.196320095,-0.27606384,-0.15373841
ENST00000305786,-0.667309051,-0.374071608,-0.373840351,-0.456830567,-0.275629797
ENST00000301587,-0.296395217,-0.29254728,-0.191941654,-0.140064477,-0.170352382
ENST00000356464,-0.403482959,-0.361712347,-0.283113855,-0.190677293,-0.127084853
ENST00000434122,-0.409459638,-0.296173251,-0.044931045,-0.122080382,-0.349091579
ENST00000635699,-0.311967675,-0.64586521,-0.133658929,-0.113887783,-0.330904259
ENST00000556230,-0.239349587,-0.303888861,-0.161381754,-0.165379914,-0.103972343
ENST00000184266,-0.426171879,-0.301956543,-0.120190651,-0.238286877,-0.149326832
ENST00000650309,-0.413463451,-0.415869926,-0.019171733,-0.255071353,-0.282065105
ENST00000633731,-0.369359463,-0.297371877,-0.101999529,-0.410382739,-0.015550982
ENST00000375549,-0.33644484,-0.36631923,-0.11593872,-0.3784184,-0.0466522
ENST00000502534,-0.324156052,-0.325460786,-0.213702173,-0.158466796,-0.125073121
ENST00000355938,-0.453484261,-0.493568729,-0.294759912,-0.324017063,-0.17732523
ENST00000409906,-0.411280073,-0.330237329,-0.224262248,-0.059659488,-0.336664077
ENST00000338970,-0.157346294,-0.209158405,-0.111103377,-0.214144806,-0.075371535
ENST00000246554,-0.54529073,-0.347972025,-0.205616591,-0.428008771,-0.192888759
ENST00000647248,-0.280450593,-0.216253391,-0.09578923,-0.184460763,-0.144546729
ENST00000361227,-0.417283117,-0.184688938,0.042300485,-0.296805819,-0.486864711
ENST00000358290,-0.427592728,-0.415370287,-0.188247171,-0.549133149,-0.308266989
ENST00000497965,-0.481393176,-0.651480377,-0.274341416,-0.124754517,-0.38945221
ENST00000353107,-0.37226102,-0.287714529,0.088482888,-0.290839497,-0.30807125
ENST00000372967,-0.213701776,-0.194409002,-0.207623277,-0.063221353,-0.022722989
ENST00000548577,-0.17856518,-0.190800212,-0.121552327,-0.098817727,-0.076909059
ENST00000371514,-0.303740675,-0.337342286,-0.226185868,-0.434857176,0.013777683
ENST00000360830,-0.131416038,-0.317661871,-0.029220446,-0.250931623,-0.251966148
ENST00000381344,-0.497696967,-0.385178257,-0.45497606,-0.191401443,-0.025888455
ENST00000613865,-0.342025873,-0.292959565,-0.331005692,-0.079066879,-0.118860086
ENST00000228825,-0.20489436,-0.317498217,-0.114531899,0.102655979,-0.236726523
ENST00000342669,-0.225413528,-0.213035431,-0.160546458,-0.141337401,-0.255294714
ENST00000272348,-0.238374576,-0.24389001,-0.311758359,0.064224244,-0.070484756
ENST00000270586,-0.25362304,-0.248361568,-0.089186801,-0.041932717,-0.154759498
ENST00000336098,-0.38050002,-0.191693799,-0.204908073,0.001860691,-0.223317347
ENST00000302746,-0.446944382,-0.30764686,-0.303159133,-0.158385295,0.024686582
ENST00000380377,-0.263670235,-0.142532972,-0.113774976,-0.141562804,-0.081994792
ENST00000378720,-0.294421625,-0.478032566,-0.242567727,-0.080432186,-0.082261053
ENST00000375259,-0.073410434,-0.635085939,-0.055209832,-0.00611002,-0.260583042
ENST00000328848,-0.25927698,-0.407679462,-0.035931901,-0.193437523,-0.260245474
ENST00000422285,-0.352976564,-0.153285458,-0.142353645,-0.25846978,-0.167679923
ENST00000265304,-0.505398003,-0.16697972,-0.047854229,-0.115709377,-0.309752517
ENST00000374980,-0.200576954,-0.312556231,-0.164132115,-0.202910728,-0.180414172
ENST00000361611,-0.213701776,-0.06355013,-0.108613271,-0.119194991,-0.085307526
ENST00000367089,-0.294134035,-0.412014442,-0.018458834,-0.025218843,-0.308813568
ENST00000222381,-0.537463611,-0.204800892,-0.128747828,-0.243311127,-0.127499004
ENST00000377615,-0.306858044,-0.250990123,-0.162509001,-0.107551445,-0.192349321
ENST00000373586,-0.098356792,-0.301532833,-0.204693562,-0.046144682,-0.165640868
ENST00000367048,-0.558837262,-0.334613908,-0.384586732,-0.324063325,-0.006207426
ENST00000373337,-0.34148043,-0.269492844,-0.086786908,-0.26729363,-0.238944349
ENST00000546591,-0.161501764,-0.496263706,-0.300301178,-0.160378426,-0.163280079
ENST00000259254,-0.501351767,-0.378427215,-0.197818221,-0.552695849,-0.17384932
ENST00000264027,-0.444277497,-0.237124359,-0.233060642,-0.711421324,0.163218543
ENST00000372945,-0.186868484,-0.275235361,-0.06995113,-0.013146011,-0.355634424
ENST00000246337,-0.113805022,-0.368949796,-0.191941654,0.138857083,-0.21361542
ENST00000550487,-0.441480311,-0.347124912,-0.249307874,-0.322899392,-0.113977864
ENST00000531120,-0.297877184,-0.341828182,-0.414748703,-0.153465813,-0.08931581
ENST00000305231,-0.610367562,-0.492767565,-0.608667504,-0.157669139,-0.107293551
ENST00000270560,-0.483549134,-0.215253256,0.025289062,-0.280032742,-0.318797656
ENST00000343150,-0.147023663,-0.381714402,-0.147547535,-0.549639802,-0.028120495
ENST00000368733,-0.387468843,-0.3379693,-0.117226401,-0.386675302,-0.218395759
ENST00000295830,-0.234312055,-0.432433984,-0.262525954,0.080829617,-0.194350285
ENST00000283871,-0.247635573,-0.1353051,-0.242233809,-0.294679518,0.045255914
ENST00000463836,-0.465727857,-0.488682833,-0.387337343,-0.046442114,-0.41833333
ENST00000344843,-0.342345442,-0.639361746,-0.240851255,-0.388967114,-0.332603456
ENST00000268220,-0.281997056,-0.295708188,-0.140168005,-0.223158221,-0.088500037
ENST00000392541,-0.3572034,-0.31478893,-0.19049968,-0.218413624,-0.067836083
ENST00000646539,0.676041404,0.470675182,0.1913573,0.117287763,0.13298039
ENST00000368708,0.334746892,0.260518708,0.013470005,0.407115198,-0.320096796
ENST00000339647,0.452709492,0.22181055,-0.121552327,0.027395783,0.104588424
ENST00000449283,0.464295704,0.348075375,-0.006075109,0.418143924,-0.091970264
ENST00000394936,0.276637725,0.074118838,-0.18937914,-0.292619996,0.086589673
ENST00000371646,0.324868547,0.075459124,-0.20770897,0.061997993,-0.015811125
ENST00000341049,0.482267942,0.196251766,-0.110475919,-0.125946334,0.113852856
ENST00000538183,0.735008291,0.495809506,-0.110010705,0.059173344,0.339585914
ENST00000435618,0.690302703,0.571269452,0.173391327,0.168040671,0.077684024
ENST00000340717,0.427268297,0.417560037,-0.120016728,0.093021277,0.188845023
ENST00000299767,0.335702231,0.170377976,-0.227861229,0.18373159,-0.063668448
ENST00000642928,0.312558087,0.311516463,0.000220836,0.079903079,0.015621383
ENST00000550697,0.756894567,0.451212029,0.138616746,0.296159549,-0.077393266
ENST00000263464,0.824867031,0.582823852,0.28783861,0.1685529,-0.080392917
ENST00000393467,0.416812877,0.099319597,-0.037526027,0.018772795,-0.049739463
ENST00000324460,0.553716561,0.328677816,-0.181852837,0.282124459,-0.096405235
ENST00000538502,0.190619277,0.152371301,0.083813993,-0.071007545,-0.291185425
ENST00000341423,0.334810757,0.180502655,-0.19928363,0.207389974,0.11443296
ENST00000624041,0.222664233,0.037412832,-0.198977298,-0.114762745,-0.081994792
ENST00000542285,0.540698412,0.46512881,-0.006075109,0.386379572,-0.038689737
ENST00000322723,0.339064551,0.328929395,-0.100793766,0.150601612,-0.22344978
ENST00000310786,0.513766487,0.343457997,-0.034272001,-0.242449559,0.034434559
ENST00000316423,0.502764988,0.053315211,-0.157499023,0.147930059,0.210226673
ENST00000394934,0.765165162,0.683613401,-0.031040034,0.201614921,0.206117461
ENST00000409600,0.608693225,0.354352423,-0.024411168,0.120742444,0.122907793
ENST00000367816,0.199661494,0.065198203,-0.061357545,-0.192976008,-0.374080092
ENST00000359856,0.235972407,0.187117831,-0.275175516,0.084192374,-0.068571027
ENST00000264258,0.182526796,0.273276446,-0.025692311,0.248786681,-0.076096253
ENST00000352861,0.142567147,0.195919016,0.099046813,-0.02940664,-0.221773202
ENST00000304414,0.203663425,0.338548313,-0.384586732,-0.045977403,0.240169636
ENST00000528163,0.638762698,-0.052093941,-0.007093602,0.371168599,0.00048086
ENST00000554455,0.137486348,0.2797324,-0.166781581,0.013442777,-0.203320439
ENST00000248437,0.63043309,0.416981502,-0.153361065,0.6795704,0.119644447
ENST00000295688,0.224538798,0.024112244,-0.121552327,-0.156815726,-0.136594325
ENST00000272102,0.098275025,0.285739829,-0.076037667,0.025662326,-0.148872655
ENST00000457879,0.468643475,0.594944416,0.147634306,0.231636988,-0.065041064
ENST00000361441,0.384018831,0.143760876,-0.0442872,-0.102910128,-0.005298183
ENST00000393155,0.622155044,0.901153397,0.271898311,0.486494676,-0.131519088
ENST00000262033,0.352806864,0.240945002,-0.135907619,0.096179606,-0.131519088
